cor_code,date,risk
240001,2019-02-01,3.59
240001,2019-03-01,4.32
240001,2019-04-01,4.41
240001,2019-05-01,4.41
240001,2019-06-01,4.32
240001,2019-07-01,4.58
240001,2019-08-01,4.18
240001,2019-09-01,5.49
240001,2019-10-01,5.68
240001,2019-11-01,6.43
240001,2019-12-01,2.95
240001,2020-01-01,5.25
240002,2019-02-01,3.99
240002,2019-03-01,5.12
240002,2019-04-01,5.36
240002,2019-05-01,3.81
240002,2019-06-01,3.57
240002,2019-07-01,3.12
240002,2019-08-01,3.99
240002,2019-09-01,3.74
240002,2019-10-01,4.19
240002,2019-11-01,4.05
240002,2019-12-01,4.05
240002,2020-01-01,3.67
240003,2019-02-01,7.0
240003,2019-03-01,7.59
240003,2019-04-01,7.59
240003,2019-05-01,7.3
240003,2019-06-01,7.33
240003,2019-07-01,7.96
240003,2019-08-01,7.29
240003,2019-09-01,8.25
240003,2019-10-01,7.05
240003,2019-11-01,6.08
240003,2019-12-01,7.96
240003,2020-01-01,7.42
240004,2019-02-01,3.54
240004,2019-03-01,4.16
240004,2019-04-01,3.91
240004,2019-05-01,3.03
240004,2019-06-01,3.14
240004,2019-07-01,3.62
240004,2019-08-01,3.77
240004,2019-09-01,3.52
240004,2019-10-01,3.4
240004,2019-11-01,3.64
240004,2019-12-01,3.32
240004,2020-01-01,3.77
240005,2019-02-01,4.19
240005,2019-03-01,3.69
240005,2019-04-01,4.46
240005,2019-05-01,4.75
240005,2019-06-01,3.69
240005,2019-07-01,3.69
240005,2019-08-01,3.69
240005,2019-09-01,4.86
240005,2019-10-01,4.19
240005,2019-11-01,3.69
240005,2019-12-01,4.19
240005,2020-01-01,3.69
240006,2019-02-01,4.2
240006,2019-03-01,5.04
240006,2019-04-01,3.45
240006,2019-05-01,4.2
240006,2019-06-01,5.68
240006,2019-07-01,5.51
240006,2019-08-01,4.62
240006,2019-09-01,4.58
240006,2019-10-01,3.7
240006,2019-11-01,4.59
240006,2019-12-01,5.12
240006,2020-01-01,4.62
240007,2019-02-01,4.93
240007,2019-03-01,4.07
240007,2019-04-01,3.22
240007,2019-05-01,3.45
240007,2019-06-01,3.45
240007,2019-07-01,4.37
240007,2019-08-01,3.45
240007,2019-09-01,3.51
240007,2019-10-01,3.51
240007,2019-11-01,4.37
240007,2019-12-01,2.95
240007,2020-01-01,4.37
240008,2019-02-01,5.51
240008,2019-03-01,5.37
240008,2019-04-01,5.37
240008,2019-05-01,5.01
240008,2019-06-01,4.77
240008,2019-07-01,3.53
240008,2019-08-01,5.02
240008,2019-09-01,5.14
240008,2019-10-01,5.37
240008,2019-11-01,5.51
240008,2019-12-01,5.56
240008,2020-01-01,5.92
240009,2019-02-01,4.65
240009,2019-03-01,3.52
240009,2019-04-01,5.01
240009,2019-05-01,4.64
240009,2019-06-01,3.52
240009,2019-07-01,3.52
240009,2019-08-01,3.52
240009,2019-09-01,3.89
240009,2019-10-01,4.08
240009,2019-11-01,4.36
240009,2019-12-01,3.94
240009,2020-01-01,4.22
240010,2019-02-01,5.25
240010,2019-03-01,5.43
240010,2019-04-01,5.27
240010,2019-05-01,3.96
240010,2019-06-01,5.62
240010,2019-07-01,6.04
240010,2019-08-01,5.51
240010,2019-09-01,5.38
240010,2019-10-01,5.38
240010,2019-11-01,5.99
240010,2019-12-01,3.96
240010,2020-01-01,5.08
240011,2019-02-01,3.94
240011,2019-03-01,3.82
240011,2019-04-01,3.28
240011,2019-05-01,2.72
240011,2019-06-01,3.14
240011,2019-07-01,3.33
240011,2019-08-01,3.14
240011,2019-09-01,4.26
240011,2019-10-01,2.78
240011,2019-11-01,2.78
240011,2019-12-01,3.32
240011,2020-01-01,3.2
240012,2019-02-01,6.71
240012,2019-03-01,5.96
240012,2019-04-01,5.54
240012,2019-05-01,5.84
240012,2019-06-01,5.18
240012,2019-07-01,5.3
240012,2019-08-01,5.18
240012,2019-09-01,4.58
240012,2019-10-01,6.29
240012,2019-11-01,5.75
240012,2019-12-01,5.96
240012,2020-01-01,6.46
240013,2019-02-01,4.29
240013,2019-03-01,3.9
240013,2019-04-01,3.96
240013,2019-05-01,3.54
240013,2019-06-01,3.76
240013,2019-07-01,3.76
240013,2019-08-01,4.41
240013,2019-09-01,3.94
240013,2019-10-01,2.63
240013,2019-11-01,3.03
240013,2019-12-01,3.26
240013,2020-01-01,3.4
240014,2019-02-01,2.83
240014,2019-03-01,2.52
240014,2019-04-01,3.08
240014,2019-05-01,3.45
240014,2019-06-01,3.08
240014,2019-07-01,3.45
240014,2019-08-01,3.45
240014,2019-09-01,3.45
240014,2019-10-01,3.45
240014,2019-11-01,3.45
240014,2019-12-01,3.45
240014,2020-01-01,2.95
240015,2019-02-01,3.4
240015,2019-03-01,3.4
240015,2019-04-01,3.28
240015,2019-05-01,3.9
240015,2019-06-01,3.9
240015,2019-07-01,3.9
240015,2019-08-01,3.28
240015,2019-09-01,3.9
240015,2019-10-01,3.9
240015,2019-11-01,3.9
240015,2019-12-01,3.9
240015,2020-01-01,3.9
240016,2019-02-01,4.26
240016,2019-03-01,3.83
240016,2019-04-01,3.69
240016,2019-05-01,3.07
240016,2019-06-01,3.69
240016,2019-07-01,3.69
240016,2019-08-01,3.4
240016,2019-09-01,4.46
240016,2019-10-01,3.4
240016,2019-11-01,3.9
240016,2019-12-01,3.69
240016,2020-01-01,4.35
240017,2019-02-01,3.7
240017,2019-03-01,4.43
240017,2019-04-01,4.76
240017,2019-05-01,3.31
240017,2019-06-01,3.33
240017,2019-07-01,4.08
240017,2019-08-01,4.18
240017,2019-09-01,4.43
240017,2019-10-01,4.82
240017,2019-11-01,4.68
240017,2019-12-01,3.08
240017,2020-01-01,3.48
240018,2019-02-01,3.02
240018,2019-03-01,2.78
240018,2019-04-01,2.78
240018,2019-05-01,3.83
240018,2019-06-01,4.34
240018,2019-07-01,3.4
240018,2019-08-01,3.4
240018,2019-09-01,3.4
240018,2019-10-01,3.33
240018,2019-11-01,2.91
240018,2019-12-01,3.58
240018,2020-01-01,4.08
240019,2019-02-01,5.0
240019,2019-03-01,4.88
240019,2019-04-01,4.88
240019,2019-05-01,5.92
240019,2019-06-01,5.78
240019,2019-07-01,5.24
240019,2019-08-01,4.88
240019,2019-09-01,4.88
240019,2019-10-01,4.88
240019,2019-11-01,5.43
240019,2019-12-01,4.86
240019,2020-01-01,4.88
240020,2019-02-01,4.44
240020,2019-03-01,4.44
240020,2019-04-01,4.44
240020,2019-05-01,5.12
240020,2019-06-01,4.44
240020,2019-07-01,4.44
240020,2019-08-01,4.44
240020,2019-09-01,4.44
240020,2019-10-01,4.44
240020,2019-11-01,4.44
240020,2019-12-01,4.44
240020,2020-01-01,3.94
240021,2019-02-01,5.36
240021,2019-03-01,4.32
240021,2019-04-01,4.4
240021,2019-05-01,4.2
240021,2019-06-01,4.58
240021,2019-07-01,3.82
240021,2019-08-01,5.66
240021,2019-09-01,4.88
240021,2019-10-01,5.66
240021,2019-11-01,5.25
240021,2019-12-01,5.5
240021,2020-01-01,4.19
240022,2019-02-01,2.95
240022,2019-03-01,3.87
240022,2019-04-01,3.87
240022,2019-05-01,3.58
240022,2019-06-01,4.08
240022,2019-07-01,4.08
240022,2019-08-01,5.36
240022,2019-09-01,3.57
240022,2019-10-01,4.07
240022,2019-11-01,2.95
240022,2019-12-01,3.4
240022,2020-01-01,3.9
240023,2019-02-01,6.12
240023,2019-03-01,5.73
240023,2019-04-01,6.12
240023,2019-05-01,6.68
240023,2019-06-01,4.82
240023,2019-07-01,6.68
240023,2019-08-01,6.12
240023,2019-09-01,4.82
240023,2019-10-01,5.37
240023,2019-11-01,5.37
240023,2019-12-01,4.82
240023,2020-01-01,5.37
240024,2019-02-01,5.12
240024,2019-03-01,4.39
240024,2019-04-01,2.92
240024,2019-05-01,2.78
240024,2019-06-01,4.74
240024,2019-07-01,3.87
240024,2019-08-01,1.98
240024,2019-09-01,1.85
240024,2019-10-01,3.82
240024,2019-11-01,3.28
240024,2019-12-01,2.78
240024,2020-01-01,4.2
240025,2019-02-01,3.28
240025,2019-03-01,3.28
240025,2019-04-01,3.83
240025,2019-05-01,3.83
240025,2019-06-01,4.2
240025,2019-07-01,3.16
240025,2019-08-01,4.63
240025,2019-09-01,4.2
240025,2019-10-01,3.69
240025,2019-11-01,4.75
240025,2019-12-01,3.7
240025,2020-01-01,3.83
240026,2019-02-01,3.77
240026,2019-03-01,5.21
240026,2019-04-01,6.12
240026,2019-05-01,5.07
240026,2019-06-01,6.17
240026,2019-07-01,5.99
240026,2019-08-01,5.72
240026,2019-09-01,6.12
240026,2019-10-01,5.49
240026,2019-11-01,4.86
240026,2019-12-01,4.85
240026,2020-01-01,5.62
240027,2019-02-01,4.74
240027,2019-03-01,4.2
240027,2019-04-01,3.82
240027,2019-05-01,3.9
240027,2019-06-01,3.82
240027,2019-07-01,5.37
240027,2019-08-01,4.32
240027,2019-09-01,5.37
240027,2019-10-01,4.74
240027,2019-11-01,3.28
240027,2019-12-01,5.0
240027,2020-01-01,4.74
240028,2019-02-01,4.18
240028,2019-03-01,4.2
240028,2019-04-01,3.28
240028,2019-05-01,3.9
240028,2019-06-01,4.32
240028,2019-07-01,3.28
240028,2019-08-01,3.9
240028,2019-09-01,3.83
240028,2019-10-01,4.2
240028,2019-11-01,4.82
240028,2019-12-01,4.2
240028,2020-01-01,3.7
240029,2019-02-01,4.45
240029,2019-03-01,5.88
240029,2019-04-01,6.0
240029,2019-05-01,6.5
240029,2019-06-01,5.88
240029,2019-07-01,6.5
240029,2019-08-01,6.29
240029,2019-09-01,5.38
240029,2019-10-01,6.29
240029,2019-11-01,4.26
240029,2019-12-01,5.38
240029,2020-01-01,5.38
240030,2019-02-01,4.82
240030,2019-03-01,4.82
240030,2019-04-01,5.36
240030,2019-05-01,5.36
240030,2019-06-01,5.36
240030,2019-07-01,4.82
240030,2019-08-01,5.36
240030,2019-09-01,5.36
240030,2019-10-01,5.36
240030,2019-11-01,5.36
240030,2019-12-01,5.36
240030,2020-01-01,4.82
240031,2019-02-01,3.03
240031,2019-03-01,3.4
240031,2019-04-01,3.4
240031,2019-05-01,3.03
240031,2019-06-01,3.4
240031,2019-07-01,3.95
240031,2019-08-01,3.95
240031,2019-09-01,3.4
240031,2019-10-01,3.9
240031,2019-11-01,3.4
240031,2019-12-01,2.41
240031,2020-01-01,2.84
240032,2019-02-01,5.01
240032,2019-03-01,5.01
240032,2019-04-01,4.61
240032,2019-05-01,5.57
240032,2019-06-01,6.12
240032,2019-07-01,4.82
240032,2019-08-01,4.82
240032,2019-09-01,5.23
240032,2019-10-01,5.18
240032,2019-11-01,5.6
240032,2019-12-01,5.49
240032,2020-01-01,6.41
240033,2019-02-01,3.28
240033,2019-03-01,3.82
240033,2019-04-01,3.82
240033,2019-05-01,3.28
240033,2019-06-01,4.02
240033,2019-07-01,3.28
240033,2019-08-01,3.28
240033,2019-09-01,3.28
240033,2019-10-01,3.28
240033,2019-11-01,3.28
240033,2019-12-01,3.28
240033,2020-01-01,3.28
240034,2019-02-01,3.88
240034,2019-03-01,4.46
240034,2019-04-01,3.9
240034,2019-05-01,4.3
240034,2019-06-01,4.82
240034,2019-07-01,5.24
240034,2019-08-01,4.82
240034,2019-09-01,4.45
240034,2019-10-01,4.98
240034,2019-11-01,5.36
240034,2019-12-01,4.99
240034,2020-01-01,4.95
240035,2019-02-01,5.75
240035,2019-03-01,4.39
240035,2019-04-01,3.34
240035,2019-05-01,3.34
240035,2019-06-01,4.27
240035,2019-07-01,4.27
240035,2019-08-01,4.57
240035,2019-09-01,4.2
240035,2019-10-01,4.46
240035,2019-11-01,6.11
240035,2019-12-01,5.19
240035,2020-01-01,5.75
240036,2019-02-01,5.16
240036,2019-03-01,4.32
240036,2019-04-01,4.52
240036,2019-05-01,4.49
240036,2019-06-01,4.05
240036,2019-07-01,4.62
240036,2019-08-01,4.62
240036,2019-09-01,3.33
240036,2019-10-01,3.73
240036,2019-11-01,3.56
240036,2019-12-01,4.68
240036,2020-01-01,4.31
240037,2019-02-01,2.66
240037,2019-03-01,3.89
240037,2019-04-01,2.78
240037,2019-05-01,5.27
240037,2019-06-01,3.52
240037,2019-07-01,2.66
240037,2019-08-01,4.52
240037,2019-09-01,4.52
240037,2019-10-01,4.45
240037,2019-11-01,3.52
240037,2019-12-01,2.78
240037,2020-01-01,4.45
240038,2019-02-01,2.78
240038,2019-03-01,3.7
240038,2019-04-01,2.22
240038,2019-05-01,2.78
240038,2019-06-01,2.78
240038,2019-07-01,3.14
240038,2019-08-01,3.14
240038,2019-09-01,3.89
240038,2019-10-01,3.33
240038,2019-11-01,3.28
240038,2019-12-01,3.7
240038,2020-01-01,4.26
240039,2019-02-01,7.96
240039,2019-03-01,7.59
240039,2019-04-01,6.67
240039,2019-05-01,7.03
240039,2019-06-01,7.03
240039,2019-07-01,6.82
240039,2019-08-01,7.03
240039,2019-09-01,7.03
240039,2019-10-01,7.03
240039,2019-11-01,7.03
240039,2019-12-01,7.03
240039,2020-01-01,6.28
240040,2019-02-01,4.09
240040,2019-03-01,4.2
240040,2019-04-01,2.77
240040,2019-05-01,2.91
240040,2019-06-01,2.77
240040,2019-07-01,3.71
240040,2019-08-01,3.64
240040,2019-09-01,5.38
240040,2019-10-01,5.63
240040,2019-11-01,4.2
240040,2019-12-01,4.45
240040,2020-01-01,5.12
240041,2019-02-01,4.58
240041,2019-03-01,4.22
240041,2019-04-01,3.9
240041,2019-05-01,3.9
240041,2019-06-01,3.9
240041,2019-07-01,4.44
240041,2019-08-01,4.04
240041,2019-09-01,5.37
240041,2019-10-01,4.22
240041,2019-11-01,4.44
240041,2019-12-01,4.95
240041,2020-01-01,4.58
240042,2019-02-01,4.69
240042,2019-03-01,4.57
240042,2019-04-01,4.18
240042,2019-05-01,4.02
240042,2019-06-01,3.17
240042,2019-07-01,4.23
240042,2019-08-01,3.88
240042,2019-09-01,4.43
240042,2019-10-01,5.49
240042,2019-11-01,4.22
240042,2019-12-01,3.0
240042,2020-01-01,2.57
240043,2019-02-01,3.94
240043,2019-03-01,4.46
240043,2019-04-01,5.23
240043,2019-05-01,6.54
240043,2019-06-01,3.58
240043,2019-07-01,3.76
240043,2019-08-01,4.04
240043,2019-09-01,4.04
240043,2019-10-01,3.34
240043,2019-11-01,4.15
240043,2019-12-01,2.78
240043,2020-01-01,3.9
240044,2019-02-01,4.82
240044,2019-03-01,2.78
240044,2019-04-01,5.58
240044,2019-05-01,4.2
240044,2019-06-01,4.81
240044,2019-07-01,4.82
240044,2019-08-01,4.95
240044,2019-09-01,4.95
240044,2019-10-01,4.95
240044,2019-11-01,5.58
240044,2019-12-01,4.95
240044,2020-01-01,5.58
240045,2019-02-01,6.63
240045,2019-03-01,4.71
240045,2019-04-01,5.07
240045,2019-05-01,5.07
240045,2019-06-01,5.07
240045,2019-07-01,5.07
240045,2019-08-01,4.65
240045,2019-09-01,5.07
240045,2019-10-01,4.65
240045,2019-11-01,4.65
240045,2019-12-01,4.15
240045,2020-01-01,2.78
240046,2019-02-01,3.02
240046,2019-03-01,2.52
240046,2019-04-01,2.78
240046,2019-05-01,2.83
240046,2019-06-01,2.95
240046,2019-07-01,2.95
240046,2019-08-01,2.95
240046,2019-09-01,3.43
240046,2019-10-01,3.12
240046,2019-11-01,3.27
240046,2019-12-01,3.32
240046,2020-01-01,2.95
240047,2019-02-01,4.38
240047,2019-03-01,3.93
240047,2019-04-01,3.51
240047,2019-05-01,2.95
240047,2019-06-01,2.95
240047,2019-07-01,2.95
240047,2019-08-01,3.45
240047,2019-09-01,3.45
240047,2019-10-01,3.45
240047,2019-11-01,4.07
240047,2019-12-01,3.26
240047,2020-01-01,3.87
240048,2019-02-01,6.42
240048,2019-03-01,5.72
240048,2019-04-01,6.28
240048,2019-05-01,4.43
240048,2019-06-01,5.36
240048,2019-07-01,4.38
240048,2019-08-01,4.94
240048,2019-09-01,4.8
240048,2019-10-01,5.36
240048,2019-11-01,4.8
240048,2019-12-01,5.23
240048,2020-01-01,6.35
240049,2019-02-01,2.78
240049,2019-03-01,2.78
240049,2019-04-01,3.82
240049,2019-05-01,3.28
240049,2019-06-01,3.28
240049,2019-07-01,3.28
240049,2019-08-01,3.28
240049,2019-09-01,3.28
240049,2019-10-01,3.28
240049,2019-11-01,3.82
240049,2019-12-01,3.28
240049,2020-01-01,3.82
240050,2019-02-01,5.38
240050,2019-03-01,5.74
240050,2019-04-01,4.71
240050,2019-05-01,6.3
240050,2019-06-01,4.82
240050,2019-07-01,5.75
240050,2019-08-01,7.42
240050,2019-09-01,6.91
240050,2019-10-01,4.82
240050,2019-11-01,4.68
240050,2019-12-01,5.24
240050,2020-01-01,5.24
240051,2019-02-01,2.76
240051,2019-03-01,3.32
240051,2019-04-01,3.32
240051,2019-05-01,3.9
240051,2019-06-01,3.28
240051,2019-07-01,6.38
240051,2019-08-01,4.08
240051,2019-09-01,5.38
240051,2019-10-01,6.0
240051,2019-11-01,5.0
240051,2019-12-01,4.95
240051,2020-01-01,4.32
240052,2019-02-01,3.96
240052,2019-03-01,3.28
240052,2019-04-01,4.6
240052,2019-05-01,5.99
240052,2019-06-01,4.68
240052,2019-07-01,5.58
240052,2019-08-01,5.99
240052,2019-09-01,5.24
240052,2019-10-01,5.74
240052,2019-11-01,4.73
240052,2019-12-01,4.32
240052,2020-01-01,4.88
240053,2019-02-01,6.09
240053,2019-03-01,5.29
240053,2019-04-01,4.82
240053,2019-05-01,3.48
240053,2019-06-01,4.82
240053,2019-07-01,5.02
240053,2019-08-01,3.85
240053,2019-09-01,3.01
240053,2019-10-01,3.01
240053,2019-11-01,5.47
240053,2019-12-01,4.77
240053,2020-01-01,5.83
240054,2019-02-01,3.32
240054,2019-03-01,3.47
240054,2019-04-01,3.26
240054,2019-05-01,4.12
240054,2019-06-01,3.14
240054,2019-07-01,3.14
240054,2019-08-01,2.95
240054,2019-09-01,3.57
240054,2019-10-01,2.02
240054,2019-11-01,3.88
240054,2019-12-01,3.82
240054,2020-01-01,3.08
240055,2019-02-01,6.04
240055,2019-03-01,5.54
240055,2019-04-01,5.83
240055,2019-05-01,5.48
240055,2019-06-01,5.32
240055,2019-07-01,5.92
240055,2019-08-01,5.12
240055,2019-09-01,6.04
240055,2019-10-01,5.54
240055,2019-11-01,5.54
240055,2019-12-01,4.98
240055,2020-01-01,6.04
240056,2019-02-01,3.82
240056,2019-03-01,4.44
240056,2019-04-01,3.82
240056,2019-05-01,3.32
240056,2019-06-01,3.82
240056,2019-07-01,4.44
240056,2019-08-01,3.82
240056,2019-09-01,4.74
240056,2019-10-01,4.74
240056,2019-11-01,3.82
240056,2019-12-01,3.28
240056,2020-01-01,3.28
240057,2019-02-01,6.49
240057,2019-03-01,6.12
240057,2019-04-01,4.88
240057,2019-05-01,3.9
240057,2019-06-01,6.17
240057,2019-07-01,6.0
240057,2019-08-01,5.77
240057,2019-09-01,6.0
240057,2019-10-01,4.64
240057,2019-11-01,3.7
240057,2019-12-01,4.5
240057,2020-01-01,3.7
240058,2019-02-01,3.83
240058,2019-03-01,4.75
240058,2019-04-01,4.71
240058,2019-05-01,3.69
240058,2019-06-01,4.33
240058,2019-07-01,5.0
240058,2019-08-01,3.28
240058,2019-09-01,3.69
240058,2019-10-01,4.58
240058,2019-11-01,5.38
240058,2019-12-01,3.28
240058,2020-01-01,3.64
240059,2019-02-01,3.64
240059,2019-03-01,3.28
240059,2019-04-01,2.47
240059,2019-05-01,3.28
240059,2019-06-01,3.16
240059,2019-07-01,3.64
240059,2019-08-01,4.09
240059,2019-09-01,3.7
240059,2019-10-01,3.7
240059,2019-11-01,3.7
240059,2019-12-01,3.7
240059,2020-01-01,3.7
240060,2019-02-01,3.64
240060,2019-03-01,3.47
240060,2019-04-01,2.77
240060,2019-05-01,3.64
240060,2019-06-01,3.28
240060,2019-07-01,3.28
240060,2019-08-01,3.08
240060,2019-09-01,3.78
240060,2019-10-01,2.41
240060,2019-11-01,2.41
240060,2019-12-01,2.78
240060,2020-01-01,3.33
240061,2019-02-01,6.28
240061,2019-03-01,4.38
240061,2019-04-01,3.28
240061,2019-05-01,5.21
240061,2019-06-01,4.58
240061,2019-07-01,5.87
240061,2019-08-01,4.95
240061,2019-09-01,4.58
240061,2019-10-01,4.95
240061,2019-11-01,4.58
240061,2019-12-01,5.99
240061,2020-01-01,4.45
240062,2019-02-01,3.28
240062,2019-03-01,2.78
240062,2019-04-01,2.78
240062,2019-05-01,2.78
240062,2019-06-01,2.78
240062,2019-07-01,2.78
240062,2019-08-01,2.78
240062,2019-09-01,2.78
240062,2019-10-01,3.7
240062,2019-11-01,2.78
240062,2019-12-01,2.78
240062,2020-01-01,2.78
240063,2019-02-01,2.78
240063,2019-03-01,3.4
240063,2019-04-01,3.4
240063,2019-05-01,4.93
240063,2019-06-01,5.77
240063,2019-07-01,2.78
240063,2019-08-01,3.28
240063,2019-09-01,4.71
240063,2019-10-01,3.4
240063,2019-11-01,2.78
240063,2019-12-01,3.4
240063,2020-01-01,3.19
240064,2019-02-01,3.94
240064,2019-03-01,3.4
240064,2019-04-01,3.4
240064,2019-05-01,4.05
240064,2019-06-01,3.96
240064,2019-07-01,6.27
240064,2019-08-01,3.9
240064,2019-09-01,3.4
240064,2019-10-01,2.78
240064,2019-11-01,3.9
240064,2019-12-01,3.4
240064,2020-01-01,4.18
240065,2019-02-01,3.4
240065,2019-03-01,2.78
240065,2019-04-01,3.4
240065,2019-05-01,3.26
240065,2019-06-01,3.4
240065,2019-07-01,2.78
240065,2019-08-01,3.4
240065,2019-09-01,3.96
240065,2019-10-01,3.4
240065,2019-11-01,4.38
240065,2019-12-01,4.73
240065,2020-01-01,3.96
240066,2019-02-01,3.4
240066,2019-03-01,3.96
240066,2019-04-01,3.28
240066,2019-05-01,5.12
240066,2019-06-01,5.27
240066,2019-07-01,5.14
240066,2019-08-01,5.58
240066,2019-09-01,4.76
240066,2019-10-01,5.5
240066,2019-11-01,5.68
240066,2019-12-01,4.73
240066,2020-01-01,4.08
240067,2019-02-01,5.82
240067,2019-03-01,4.71
240067,2019-04-01,6.17
240067,2019-05-01,4.71
240067,2019-06-01,5.27
240067,2019-07-01,5.27
240067,2019-08-01,5.5
240067,2019-09-01,4.44
240067,2019-10-01,4.65
240067,2019-11-01,3.4
240067,2019-12-01,4.13
240067,2020-01-01,3.4
240068,2019-02-01,4.68
240068,2019-03-01,4.71
240068,2019-04-01,3.4
240068,2019-05-01,3.4
240068,2019-06-01,3.4
240068,2019-07-01,4.2
240068,2019-08-01,3.9
240068,2019-09-01,4.32
240068,2019-10-01,3.9
240068,2019-11-01,2.66
240068,2019-12-01,3.4
240068,2020-01-01,5.08
240069,2019-02-01,3.4
240069,2019-03-01,5.99
240069,2019-04-01,5.72
240069,2019-05-01,4.6
240069,2019-06-01,5.21
240069,2019-07-01,5.58
240069,2019-08-01,3.77
240069,2019-09-01,5.12
240069,2019-10-01,5.0
240069,2019-11-01,4.2
240069,2019-12-01,3.4
240069,2020-01-01,3.76
240070,2019-02-01,7.42
240070,2019-03-01,6.68
240070,2019-04-01,5.58
240070,2019-05-01,3.9
240070,2019-06-01,3.9
240070,2019-07-01,3.9
240070,2019-08-01,3.9
240070,2019-09-01,3.9
240070,2019-10-01,3.9
240070,2019-11-01,3.94
240070,2019-12-01,3.9
240070,2020-01-01,5.08
240071,2019-02-01,4.75
240071,2019-03-01,4.38
240071,2019-04-01,4.05
240071,2019-05-01,6.27
240071,2019-06-01,5.37
240071,2019-07-01,5.5
240071,2019-08-01,5.37
240071,2019-09-01,5.0
240071,2019-10-01,5.4
240071,2019-11-01,4.79
240071,2019-12-01,3.87
240071,2020-01-01,4.18
240072,2019-02-01,3.69
240072,2019-03-01,4.2
240072,2019-04-01,4.2
240072,2019-05-01,4.2
240072,2019-06-01,4.2
240072,2019-07-01,4.2
240072,2019-08-01,3.28
240072,2019-09-01,3.55
240072,2019-10-01,3.69
240072,2019-11-01,3.28
240072,2019-12-01,3.64
240072,2020-01-01,3.47
240073,2019-02-01,3.4
240073,2019-03-01,3.54
240073,2019-04-01,3.4
240073,2019-05-01,5.38
240073,2019-06-01,3.9
240073,2019-07-01,3.9
240073,2019-08-01,3.4
240073,2019-09-01,3.18
240073,2019-10-01,2.78
240073,2019-11-01,4.86
240073,2019-12-01,3.87
240073,2020-01-01,3.26
240074,2019-02-01,4.08
240074,2019-03-01,4.08
240074,2019-04-01,3.28
240074,2019-05-01,3.82
240074,2019-06-01,3.94
240074,2019-07-01,3.53
240074,2019-08-01,2.89
240074,2019-09-01,3.43
240074,2019-10-01,3.82
240074,2019-11-01,4.18
240074,2019-12-01,3.58
240074,2020-01-01,4.3
240075,2019-02-01,3.77
240075,2019-03-01,5.62
240075,2019-04-01,3.4
240075,2019-05-01,2.77
240075,2019-06-01,3.82
240075,2019-07-01,4.45
240075,2019-08-01,4.62
240075,2019-09-01,4.45
240075,2019-10-01,3.45
240075,2019-11-01,3.81
240075,2019-12-01,3.95
240075,2020-01-01,3.55
240076,2019-02-01,3.32
240076,2019-03-01,4.32
240076,2019-04-01,3.55
240076,2019-05-01,3.03
240076,2019-06-01,3.69
240076,2019-07-01,4.68
240076,2019-08-01,5.62
240076,2019-09-01,5.07
240076,2019-10-01,3.4
240076,2019-11-01,4.18
240076,2019-12-01,2.66
240076,2020-01-01,2.78
240077,2019-02-01,4.02
240077,2019-03-01,4.38
240077,2019-04-01,2.95
240077,2019-05-01,3.31
240077,2019-06-01,3.45
240077,2019-07-01,4.22
240077,2019-08-01,4.25
240077,2019-09-01,3.78
240077,2019-10-01,4.52
240077,2019-11-01,4.64
240077,2019-12-01,4.14
240077,2020-01-01,4.27
240078,2019-02-01,4.92
240078,2019-03-01,3.28
240078,2019-04-01,3.93
240078,2019-05-01,4.83
240078,2019-06-01,4.26
240078,2019-07-01,4.55
240078,2019-08-01,4.8
240078,2019-09-01,5.47
240078,2019-10-01,4.26
240078,2019-11-01,4.67
240078,2019-12-01,4.8
240078,2020-01-01,4.01
240079,2019-02-01,3.14
240079,2019-03-01,3.4
240079,2019-04-01,3.33
240079,2019-05-01,3.96
240079,2019-06-01,4.32
240079,2019-07-01,3.96
240079,2019-08-01,4.32
240079,2019-09-01,4.32
240079,2019-10-01,3.32
240079,2019-11-01,3.95
240079,2019-12-01,3.82
240079,2020-01-01,4.18
240080,2019-02-01,4.18
240080,2019-03-01,3.58
240080,2019-04-01,3.58
240080,2019-05-01,4.72
240080,2019-06-01,4.38
240080,2019-07-01,4.43
240080,2019-08-01,4.3
240080,2019-09-01,5.05
240080,2019-10-01,3.46
240080,2019-11-01,3.45
240080,2019-12-01,4.08
240080,2020-01-01,3.63
240081,2019-02-01,3.9
240081,2019-03-01,3.9
240081,2019-04-01,3.9
240081,2019-05-01,3.9
240081,2019-06-01,4.94
240081,2019-07-01,6.49
240081,2019-08-01,5.75
240081,2019-09-01,4.82
240081,2019-10-01,4.82
240081,2019-11-01,4.46
240081,2019-12-01,5.27
240081,2020-01-01,4.85
240082,2019-02-01,4.2
240082,2019-03-01,3.83
240082,2019-04-01,3.83
240082,2019-05-01,3.28
240082,2019-06-01,3.83
240082,2019-07-01,5.5
240082,2019-08-01,5.62
240082,2019-09-01,3.69
240082,2019-10-01,2.78
240082,2019-11-01,3.64
240082,2019-12-01,5.37
240082,2020-01-01,4.2
240083,2019-02-01,4.76
240083,2019-03-01,3.7
240083,2019-04-01,3.69
240083,2019-05-01,2.63
240083,2019-06-01,4.3
240083,2019-07-01,4.44
240083,2019-08-01,4.2
240083,2019-09-01,3.52
240083,2019-10-01,3.55
240083,2019-11-01,3.81
240083,2019-12-01,4.62
240083,2020-01-01,3.28
240084,2019-02-01,4.65
240084,2019-03-01,4.65
240084,2019-04-01,3.4
240084,2019-05-01,3.4
240084,2019-06-01,3.4
240084,2019-07-01,3.4
240084,2019-08-01,4.57
240084,2019-09-01,3.03
240084,2019-10-01,3.26
240084,2019-11-01,3.03
240084,2019-12-01,5.63
240084,2020-01-01,7.42
240085,2019-02-01,3.4
240085,2019-03-01,3.4
240085,2019-04-01,3.4
240085,2019-05-01,3.9
240085,2019-06-01,3.4
240085,2019-07-01,3.4
240085,2019-08-01,3.4
240085,2019-09-01,3.4
240085,2019-10-01,3.96
240085,2019-11-01,3.4
240085,2019-12-01,3.4
240085,2020-01-01,4.32
240086,2019-02-01,3.28
240086,2019-03-01,4.44
240086,2019-04-01,3.9
240086,2019-05-01,3.03
240086,2019-06-01,3.4
240086,2019-07-01,3.4
240086,2019-08-01,3.9
240086,2019-09-01,2.78
240086,2019-10-01,3.4
240086,2019-11-01,3.9
240086,2019-12-01,3.03
240086,2020-01-01,3.65
240087,2019-02-01,4.31
240087,2019-03-01,4.38
240087,2019-04-01,3.82
240087,2019-05-01,3.4
240087,2019-06-01,3.4
240087,2019-07-01,3.4
240087,2019-08-01,3.4
240087,2019-09-01,3.4
240087,2019-10-01,3.4
240087,2019-11-01,3.4
240087,2019-12-01,3.4
240087,2020-01-01,3.4
240088,2019-02-01,3.4
240088,2019-03-01,3.03
240088,2019-04-01,3.9
240088,2019-05-01,3.45
240088,2019-06-01,4.18
240088,2019-07-01,3.96
240088,2019-08-01,3.4
240088,2019-09-01,3.96
240088,2019-10-01,3.4
240088,2019-11-01,3.54
240088,2019-12-01,3.18
240088,2020-01-01,3.45
240089,2019-02-01,4.34
240089,2019-03-01,5.25
240089,2019-04-01,4.6
240089,2019-05-01,4.0
240089,2019-06-01,4.76
240089,2019-07-01,6.04
240089,2019-08-01,5.25
240089,2019-09-01,5.12
240089,2019-10-01,4.2
240089,2019-11-01,4.51
240089,2019-12-01,4.15
240089,2020-01-01,4.41
240090,2019-02-01,3.28
240090,2019-03-01,4.95
240090,2019-04-01,3.96
240090,2019-05-01,4.45
240090,2019-06-01,4.2
240090,2019-07-01,4.95
240090,2019-08-01,5.58
240090,2019-09-01,4.71
240090,2019-10-01,4.2
240090,2019-11-01,5.38
240090,2019-12-01,6.5
240090,2020-01-01,6.79
240091,2019-02-01,4.29
240091,2019-03-01,4.48
240091,2019-04-01,5.21
240091,2019-05-01,3.4
240091,2019-06-01,3.78
240091,2019-07-01,4.82
240091,2019-08-01,3.4
240091,2019-09-01,3.9
240091,2019-10-01,3.4
240091,2019-11-01,3.53
240091,2019-12-01,4.32
240091,2020-01-01,5.1
240092,2019-02-01,4.63
240092,2019-03-01,4.32
240092,2019-04-01,4.08
240092,2019-05-01,4.97
240092,2019-06-01,4.99
240092,2019-07-01,4.43
240092,2019-08-01,5.02
240092,2019-09-01,4.99
240092,2019-10-01,5.55
240092,2019-11-01,5.41
240092,2019-12-01,4.99
240092,2020-01-01,4.08
240093,2019-02-01,4.62
240093,2019-03-01,4.58
240093,2019-04-01,4.58
240093,2019-05-01,4.19
240093,2019-06-01,3.69
240093,2019-07-01,3.64
240093,2019-08-01,3.28
240093,2019-09-01,3.28
240093,2019-10-01,3.28
240093,2019-11-01,2.78
240093,2019-12-01,5.0
240093,2020-01-01,5.42
240094,2019-02-01,2.83
240094,2019-03-01,3.45
240094,2019-04-01,3.45
240094,2019-05-01,3.45
240094,2019-06-01,2.95
240094,2019-07-01,2.95
240094,2019-08-01,3.45
240094,2019-09-01,3.45
240094,2019-10-01,3.51
240094,2019-11-01,3.51
240094,2019-12-01,4.43
240094,2020-01-01,3.45
240095,2019-02-01,5.18
240095,2019-03-01,5.88
240095,2019-04-01,4.2
240095,2019-05-01,3.28
240095,2019-06-01,4.57
240095,2019-07-01,7.05
240095,2019-08-01,6.86
240095,2019-09-01,5.27
240095,2019-10-01,6.54
240095,2019-11-01,5.63
240095,2019-12-01,6.4
240095,2020-01-01,7.46
240096,2019-02-01,4.62
240096,2019-03-01,4.64
240096,2019-04-01,4.62
240096,2019-05-01,4.62
240096,2019-06-01,5.38
240096,2019-07-01,6.38
240096,2019-08-01,2.78
240096,2019-09-01,4.44
240096,2019-10-01,4.44
240096,2019-11-01,3.82
240096,2019-12-01,5.25
240096,2020-01-01,5.87
240097,2019-02-01,3.87
240097,2019-03-01,3.14
240097,2019-04-01,3.78
240097,2019-05-01,3.48
240097,2019-06-01,3.44
240097,2019-07-01,4.73
240097,2019-08-01,2.95
240097,2019-09-01,2.84
240097,2019-10-01,3.51
240097,2019-11-01,2.83
240097,2019-12-01,3.08
240097,2020-01-01,3.55
240098,2019-02-01,3.28
240098,2019-03-01,5.17
240098,2019-04-01,5.53
240098,2019-05-01,5.68
240098,2019-06-01,5.12
240098,2019-07-01,3.83
240098,2019-08-01,4.15
240098,2019-09-01,5.14
240098,2019-10-01,4.82
240098,2019-11-01,5.17
240098,2019-12-01,5.31
240098,2020-01-01,4.75
240099,2019-02-01,3.82
240099,2019-03-01,3.4
240099,2019-04-01,2.91
240099,2019-05-01,3.9
240099,2019-06-01,3.32
240099,2019-07-01,3.03
240099,2019-08-01,3.9
240099,2019-09-01,3.95
240099,2019-10-01,2.84
240099,2019-11-01,3.82
240099,2019-12-01,3.95
240099,2020-01-01,3.82
240100,2019-02-01,2.78
240100,2019-03-01,3.4
240100,2019-04-01,3.03
240100,2019-05-01,3.03
240100,2019-06-01,3.4
240100,2019-07-01,4.15
240100,2019-08-01,3.4
240100,2019-09-01,3.95
240100,2019-10-01,4.44
240100,2019-11-01,4.15
240100,2019-12-01,3.59
240100,2020-01-01,3.94
240101,2019-02-01,4.57
240101,2019-03-01,3.77
240101,2019-04-01,4.32
240101,2019-05-01,5.92
240101,2019-06-01,5.27
240101,2019-07-01,5.56
240101,2019-08-01,6.0
240101,2019-09-01,5.8
240101,2019-10-01,5.49
240101,2019-11-01,3.59
240101,2019-12-01,4.7
240101,2020-01-01,3.62
240102,2019-02-01,4.18
240102,2019-03-01,4.32
240102,2019-04-01,4.82
240102,2019-05-01,4.74
240102,2019-06-01,4.87
240102,2019-07-01,4.87
240102,2019-08-01,4.74
240102,2019-09-01,4.74
240102,2019-10-01,5.37
240102,2019-11-01,6.28
240102,2019-12-01,4.88
240102,2020-01-01,4.82
240103,2019-02-01,3.28
240103,2019-03-01,3.28
240103,2019-04-01,3.28
240103,2019-05-01,3.28
240103,2019-06-01,3.28
240103,2019-07-01,3.28
240103,2019-08-01,3.28
240103,2019-09-01,3.28
240103,2019-10-01,3.28
240103,2019-11-01,3.28
240103,2019-12-01,3.28
240103,2020-01-01,3.28
240104,2019-02-01,3.4
240104,2019-03-01,3.59
240104,2019-04-01,3.34
240104,2019-05-01,3.94
240104,2019-06-01,3.4
240104,2019-07-01,3.53
240104,2019-08-01,2.89
240104,2019-09-01,3.4
240104,2019-10-01,3.4
240104,2019-11-01,4.81
240104,2019-12-01,3.77
240104,2020-01-01,3.4
240105,2019-02-01,5.1
240105,2019-03-01,4.92
240105,2019-04-01,4.18
240105,2019-05-01,4.18
240105,2019-06-01,4.18
240105,2019-07-01,5.1
240105,2019-08-01,4.56
240105,2019-09-01,4.56
240105,2019-10-01,4.19
240105,2019-11-01,4.19
240105,2019-12-01,4.19
240105,2020-01-01,4.19
240106,2019-02-01,5.58
240106,2019-03-01,4.65
240106,2019-04-01,4.82
240106,2019-05-01,4.74
240106,2019-06-01,5.99
240106,2019-07-01,5.88
240106,2019-08-01,4.93
240106,2019-09-01,3.96
240106,2019-10-01,5.99
240106,2019-11-01,4.87
240106,2019-12-01,3.03
240106,2020-01-01,3.8
240107,2019-02-01,6.36
240107,2019-03-01,3.9
240107,2019-04-01,5.14
240107,2019-05-01,6.13
240107,2019-06-01,5.88
240107,2019-07-01,5.25
240107,2019-08-01,5.94
240107,2019-09-01,3.53
240107,2019-10-01,3.26
240107,2019-11-01,5.58
240107,2019-12-01,5.58
240107,2020-01-01,5.58
240108,2019-02-01,3.4
240108,2019-03-01,2.84
240108,2019-04-01,2.84
240108,2019-05-01,3.4
240108,2019-06-01,2.48
240108,2019-07-01,2.84
240108,2019-08-01,2.84
240108,2019-09-01,3.03
240108,2019-10-01,2.84
240108,2019-11-01,2.84
240108,2019-12-01,2.89
240108,2020-01-01,2.89
240109,2019-02-01,3.4
240109,2019-03-01,3.03
240109,2019-04-01,2.84
240109,2019-05-01,3.9
240109,2019-06-01,3.94
240109,2019-07-01,3.94
240109,2019-08-01,3.03
240109,2019-09-01,3.4
240109,2019-10-01,3.94
240109,2019-11-01,3.77
240109,2019-12-01,4.08
240109,2020-01-01,3.03
240110,2019-02-01,3.28
240110,2019-03-01,3.28
240110,2019-04-01,4.18
240110,2019-05-01,3.69
240110,2019-06-01,5.09
240110,2019-07-01,3.9
240110,2019-08-01,4.32
240110,2019-09-01,5.74
240110,2019-10-01,5.12
240110,2019-11-01,2.78
240110,2019-12-01,4.58
240110,2020-01-01,4.1
240111,2019-02-01,4.06
240111,2019-03-01,3.47
240111,2019-04-01,3.31
240111,2019-05-01,3.4
240111,2019-06-01,2.97
240111,2019-07-01,4.32
240111,2019-08-01,5.24
240111,2019-09-01,4.32
240111,2019-10-01,2.48
240111,2019-11-01,2.78
240111,2019-12-01,4.82
240111,2020-01-01,4.32
240112,2019-02-01,3.4
240112,2019-03-01,3.96
240112,2019-04-01,5.38
240112,2019-05-01,5.92
240112,2019-06-01,5.56
240112,2019-07-01,5.56
240112,2019-08-01,4.65
240112,2019-09-01,3.4
240112,2019-10-01,4.46
240112,2019-11-01,4.46
240112,2019-12-01,4.46
240112,2020-01-01,4.46
240113,2019-02-01,3.4
240113,2019-03-01,3.96
240113,2019-04-01,3.4
240113,2019-05-01,4.32
240113,2019-06-01,4.82
240113,2019-07-01,4.41
240113,2019-08-01,5.8
240113,2019-09-01,3.69
240113,2019-10-01,3.4
240113,2019-11-01,3.28
240113,2019-12-01,3.4
240113,2020-01-01,3.82
240114,2019-02-01,6.23
240114,2019-03-01,5.21
240114,2019-04-01,5.21
240114,2019-05-01,3.69
240114,2019-06-01,5.6
240114,2019-07-01,4.82
240114,2019-08-01,4.19
240114,2019-09-01,4.68
240114,2019-10-01,4.86
240114,2019-11-01,5.36
240114,2019-12-01,4.94
240114,2020-01-01,5.36
240115,2019-02-01,4.4
240115,2019-03-01,5.0
240115,2019-04-01,5.0
240115,2019-05-01,4.99
240115,2019-06-01,5.0
240115,2019-07-01,5.0
240115,2019-08-01,3.4
240115,2019-09-01,3.28
240115,2019-10-01,4.75
240115,2019-11-01,5.78
240115,2019-12-01,4.44
240115,2020-01-01,5.74
240116,2019-02-01,2.78
240116,2019-03-01,2.78
240116,2019-04-01,3.03
240116,2019-05-01,2.41
240116,2019-06-01,3.13
240116,2019-07-01,3.9
240116,2019-08-01,2.78
240116,2019-09-01,3.06
240116,2019-10-01,3.84
240116,2019-11-01,3.69
240116,2019-12-01,2.78
240116,2020-01-01,3.14
240117,2019-02-01,3.9
240117,2019-03-01,3.4
240117,2019-04-01,2.78
240117,2019-05-01,5.21
240117,2019-06-01,4.65
240117,2019-07-01,3.9
240117,2019-08-01,3.4
240117,2019-09-01,3.03
240117,2019-10-01,4.81
240117,2019-11-01,4.44
240117,2019-12-01,3.9
240117,2020-01-01,3.9
240118,2019-02-01,3.32
240118,2019-03-01,2.78
240118,2019-04-01,3.4
240118,2019-05-01,4.18
240118,2019-06-01,4.57
240118,2019-07-01,5.62
240118,2019-08-01,4.82
240118,2019-09-01,5.0
240118,2019-10-01,6.18
240118,2019-11-01,3.69
240118,2019-12-01,4.5
240118,2020-01-01,3.55
240119,2019-02-01,3.4
240119,2019-03-01,3.4
240119,2019-04-01,3.4
240119,2019-05-01,3.4
240119,2019-06-01,3.4
240119,2019-07-01,3.4
240119,2019-08-01,3.53
240119,2019-09-01,3.4
240119,2019-10-01,3.4
240119,2019-11-01,3.4
240119,2019-12-01,3.4
240119,2020-01-01,3.4
240120,2019-02-01,4.45
240120,2019-03-01,3.4
240120,2019-04-01,2.98
240120,2019-05-01,3.4
240120,2019-06-01,5.07
240120,2019-07-01,4.32
240120,2019-08-01,6.5
240120,2019-09-01,5.63
240120,2019-10-01,4.71
240120,2019-11-01,3.45
240120,2019-12-01,4.32
240120,2020-01-01,6.92
240121,2019-02-01,2.78
240121,2019-03-01,3.32
240121,2019-04-01,2.78
240121,2019-05-01,2.78
240121,2019-06-01,2.78
240121,2019-07-01,2.78
240121,2019-08-01,2.78
240121,2019-09-01,2.78
240121,2019-10-01,2.78
240121,2019-11-01,3.14
240121,2019-12-01,2.78
240121,2020-01-01,3.69
240122,2019-02-01,4.32
240122,2019-03-01,2.41
240122,2019-04-01,2.78
240122,2019-05-01,3.4
240122,2019-06-01,3.9
240122,2019-07-01,6.41
240122,2019-08-01,5.43
240122,2019-09-01,3.9
240122,2019-10-01,4.46
240122,2019-11-01,4.82
240122,2019-12-01,4.87
240122,2020-01-01,5.74
240123,2019-02-01,5.0
240123,2019-03-01,6.45
240123,2019-04-01,6.7
240123,2019-05-01,5.74
240123,2019-06-01,4.77
240123,2019-07-01,5.08
240123,2019-08-01,4.94
240123,2019-09-01,4.76
240123,2019-10-01,4.26
240123,2019-11-01,4.72
240123,2019-12-01,7.18
240123,2020-01-01,5.25
240124,2019-02-01,4.08
240124,2019-03-01,3.42
240124,2019-04-01,4.57
240124,2019-05-01,5.37
240124,2019-06-01,3.75
240124,2019-07-01,5.27
240124,2019-08-01,3.96
240124,2019-09-01,6.1
240124,2019-10-01,4.93
240124,2019-11-01,3.58
240124,2019-12-01,3.03
240124,2020-01-01,4.62
240125,2019-02-01,3.28
240125,2019-03-01,3.28
240125,2019-04-01,4.46
240125,2019-05-01,3.28
240125,2019-06-01,3.28
240125,2019-07-01,3.28
240125,2019-08-01,2.78
240125,2019-09-01,3.9
240125,2019-10-01,3.4
240125,2019-11-01,3.69
240125,2019-12-01,3.28
240125,2020-01-01,3.96
240126,2019-02-01,4.95
240126,2019-03-01,4.95
240126,2019-04-01,5.88
240126,2019-05-01,4.95
240126,2019-06-01,4.95
240126,2019-07-01,4.95
240126,2019-08-01,5.37
240126,2019-09-01,5.37
240126,2019-10-01,6.31
240126,2019-11-01,6.01
240126,2019-12-01,5.0
240126,2020-01-01,4.95
240127,2019-02-01,3.45
240127,2019-03-01,3.45
240127,2019-04-01,3.02
240127,2019-05-01,3.45
240127,2019-06-01,3.45
240127,2019-07-01,3.45
240127,2019-08-01,3.45
240127,2019-09-01,4.37
240127,2019-10-01,3.45
240127,2019-11-01,3.45
240127,2019-12-01,3.81
240127,2020-01-01,2.78
360001,2019-02-01,4.04
360001,2019-03-01,3.53
360001,2019-04-01,2.72
360001,2019-05-01,3.67
360001,2019-06-01,2.95
360001,2019-07-01,3.48
360001,2019-08-01,3.77
360001,2019-09-01,3.4
360001,2019-10-01,3.95
360001,2019-11-01,4.68
360001,2019-12-01,4.42
360001,2020-01-01,3.9
360002,2019-02-01,3.14
360002,2019-03-01,2.41
360002,2019-04-01,2.27
360002,2019-05-01,2.41
360002,2019-06-01,3.14
360002,2019-07-01,4.06
360002,2019-08-01,4.62
360002,2019-09-01,3.5
360002,2019-10-01,2.97
360002,2019-11-01,1.85
360002,2019-12-01,3.33
360002,2020-01-01,2.78
360003,2019-02-01,3.7
360003,2019-03-01,4.2
360003,2019-04-01,5.12
360003,2019-05-01,3.7
360003,2019-06-01,5.17
360003,2019-07-01,5.17
360003,2019-08-01,3.84
360003,2019-09-01,4.2
360003,2019-10-01,4.2
360003,2019-11-01,3.7
360003,2019-12-01,4.62
360003,2020-01-01,3.7
360004,2019-02-01,4.23
360004,2019-03-01,3.69
360004,2019-04-01,2.78
360004,2019-05-01,4.19
360004,2019-06-01,2.78
360004,2019-07-01,3.69
360004,2019-08-01,3.69
360004,2019-09-01,3.69
360004,2019-10-01,3.52
360004,2019-11-01,3.69
360004,2019-12-01,3.69
360004,2020-01-01,3.69
360005,2019-02-01,5.04
360005,2019-03-01,4.65
360005,2019-04-01,4.12
360005,2019-05-01,4.26
360005,2019-06-01,4.26
360005,2019-07-01,3.76
360005,2019-08-01,4.12
360005,2019-09-01,4.42
360005,2019-10-01,4.33
360005,2019-11-01,4.56
360005,2019-12-01,3.7
360005,2020-01-01,4.26
360006,2019-02-01,5.38
360006,2019-03-01,4.76
360006,2019-04-01,5.92
360006,2019-05-01,6.05
360006,2019-06-01,5.3
360006,2019-07-01,6.13
360006,2019-08-01,6.29
360006,2019-09-01,5.92
360006,2019-10-01,4.76
360006,2019-11-01,3.83
360006,2019-12-01,3.59
360006,2020-01-01,3.69
360007,2019-02-01,3.83
360007,2019-03-01,3.33
360007,2019-04-01,5.01
360007,2019-05-01,3.33
360007,2019-06-01,3.89
360007,2019-07-01,3.89
360007,2019-08-01,4.62
360007,2019-09-01,5.38
360007,2019-10-01,7.04
360007,2019-11-01,4.69
360007,2019-12-01,5.01
360007,2020-01-01,3.58
360008,2019-02-01,5.4
360008,2019-03-01,4.62
360008,2019-04-01,4.76
360008,2019-05-01,4.76
360008,2019-06-01,3.74
360008,2019-07-01,3.08
360008,2019-08-01,3.18
360008,2019-09-01,3.58
360008,2019-10-01,3.74
360008,2019-11-01,4.62
360008,2019-12-01,4.73
360008,2020-01-01,4.23
360009,2019-02-01,5.49
360009,2019-03-01,5.35
360009,2019-04-01,4.76
360009,2019-05-01,5.35
360009,2019-06-01,5.67
360009,2019-07-01,4.93
360009,2019-08-01,4.24
360009,2019-09-01,3.45
360009,2019-10-01,3.59
360009,2019-11-01,3.45
360009,2019-12-01,3.03
360009,2020-01-01,3.45
360010,2019-02-01,4.02
360010,2019-03-01,4.71
360010,2019-04-01,3.48
360010,2019-05-01,4.17
360010,2019-06-01,3.9
360010,2019-07-01,3.4
360010,2019-08-01,6.0
360010,2019-09-01,4.08
360010,2019-10-01,4.23
360010,2019-11-01,4.11
360010,2019-12-01,2.61
360010,2020-01-01,3.02
360011,2019-02-01,2.78
360011,2019-03-01,3.4
360011,2019-04-01,3.26
360011,2019-05-01,3.4
360011,2019-06-01,2.78
360011,2019-07-01,2.84
360011,2019-08-01,2.78
360011,2019-09-01,2.78
360011,2019-10-01,3.4
360011,2019-11-01,3.4
360011,2019-12-01,3.4
360011,2020-01-01,3.4
360012,2019-02-01,4.48
360012,2019-03-01,3.52
360012,2019-04-01,3.53
360012,2019-05-01,4.12
360012,2019-06-01,4.91
360012,2019-07-01,4.32
360012,2019-08-01,4.26
360012,2019-09-01,4.38
360012,2019-10-01,3.62
360012,2019-11-01,3.33
360012,2019-12-01,3.95
360012,2020-01-01,3.0
360013,2019-02-01,3.74
360013,2019-03-01,3.74
360013,2019-04-01,3.18
360013,2019-05-01,3.74
360013,2019-06-01,2.82
360013,2019-07-01,4.11
360013,2019-08-01,3.13
360013,2019-09-01,3.69
360013,2019-10-01,3.94
360013,2019-11-01,3.58
360013,2019-12-01,3.88
360013,2020-01-01,3.55
360014,2019-02-01,4.08
360014,2019-03-01,4.08
360014,2019-04-01,3.65
360014,2019-05-01,3.65
360014,2019-06-01,3.93
360014,2019-07-01,4.5
360014,2019-08-01,5.37
360014,2019-09-01,5.91
360014,2019-10-01,5.36
360014,2019-11-01,5.0
360014,2019-12-01,6.23
360014,2020-01-01,4.08
360015,2019-02-01,3.82
360015,2019-03-01,3.82
360015,2019-04-01,3.28
360015,2019-05-01,3.82
360015,2019-06-01,3.82
360015,2019-07-01,3.28
360015,2019-08-01,3.82
360015,2019-09-01,3.28
360015,2019-10-01,3.28
360015,2019-11-01,3.28
360015,2019-12-01,3.28
360015,2020-01-01,3.48
360016,2019-02-01,3.83
360016,2019-03-01,3.16
360016,2019-04-01,3.32
360016,2019-05-01,2.91
360016,2019-06-01,3.69
360016,2019-07-01,3.28
360016,2019-08-01,3.39
360016,2019-09-01,3.94
360016,2019-10-01,4.2
360016,2019-11-01,4.06
360016,2019-12-01,4.2
360016,2020-01-01,3.42
360017,2019-02-01,4.93
360017,2019-03-01,4.71
360017,2019-04-01,4.46
360017,2019-05-01,4.15
360017,2019-06-01,5.37
360017,2019-07-01,4.15
360017,2019-08-01,5.08
360017,2019-09-01,4.71
360017,2019-10-01,4.32
360017,2019-11-01,4.62
360017,2019-12-01,6.55
360017,2020-01-01,5.99
360018,2019-02-01,5.75
360018,2019-03-01,5.02
360018,2019-04-01,3.9
360018,2019-05-01,5.75
360018,2019-06-01,6.28
360018,2019-07-01,5.74
360018,2019-08-01,6.67
360018,2019-09-01,4.82
360018,2019-10-01,5.74
360018,2019-11-01,4.82
360018,2019-12-01,3.44
360018,2020-01-01,4.62
360019,2019-02-01,3.4
360019,2019-03-01,3.4
360019,2019-04-01,3.4
360019,2019-05-01,3.4
360019,2019-06-01,3.4
360019,2019-07-01,3.4
360019,2019-08-01,3.4
360019,2019-09-01,3.4
360019,2019-10-01,3.4
360019,2019-11-01,3.4
360019,2019-12-01,3.4
360019,2020-01-01,3.4
360020,2019-02-01,4.19
360020,2019-03-01,5.07
360020,2019-04-01,5.07
360020,2019-05-01,5.07
360020,2019-06-01,5.07
360020,2019-07-01,5.58
360020,2019-08-01,4.44
360020,2019-09-01,5.99
360020,2019-10-01,4.87
360020,2019-11-01,6.41
360020,2019-12-01,5.07
360020,2020-01-01,4.65
360021,2019-02-01,4.27
360021,2019-03-01,4.21
360021,2019-04-01,4.44
360021,2019-05-01,2.78
360021,2019-06-01,3.9
360021,2019-07-01,4.06
360021,2019-08-01,3.9
360021,2019-09-01,3.95
360021,2019-10-01,3.18
360021,2019-11-01,4.19
360021,2019-12-01,3.95
360021,2020-01-01,4.18
360022,2019-02-01,3.89
360022,2019-03-01,4.5
360022,2019-04-01,3.94
360022,2019-05-01,3.82
360022,2019-06-01,4.74
360022,2019-07-01,6.05
360022,2019-08-01,5.43
360022,2019-09-01,4.02
360022,2019-10-01,3.52
360022,2019-11-01,4.2
360022,2019-12-01,3.82
360022,2020-01-01,2.78
360023,2019-02-01,3.4
360023,2019-03-01,3.96
360023,2019-04-01,5.21
360023,2019-05-01,3.03
360023,2019-06-01,3.9
360023,2019-07-01,4.32
360023,2019-08-01,3.4
360023,2019-09-01,3.03
360023,2019-10-01,3.52
360023,2019-11-01,2.89
360023,2019-12-01,3.82
360023,2020-01-01,3.76
360024,2019-02-01,3.82
360024,2019-03-01,4.76
360024,2019-04-01,4.73
360024,2019-05-01,2.78
360024,2019-06-01,2.78
360024,2019-07-01,4.73
360024,2019-08-01,2.41
360024,2019-09-01,3.64
360024,2019-10-01,4.82
360024,2019-11-01,3.33
360024,2019-12-01,3.7
360024,2020-01-01,4.62
360025,2019-02-01,5.58
360025,2019-03-01,5.21
360025,2019-04-01,6.12
360025,2019-05-01,5.49
360025,2019-06-01,4.84
360025,2019-07-01,3.28
360025,2019-08-01,5.21
360025,2019-09-01,3.33
360025,2019-10-01,3.19
360025,2019-11-01,2.78
360025,2019-12-01,3.33
360025,2020-01-01,4.48
360026,2019-02-01,5.58
360026,2019-03-01,5.21
360026,2019-04-01,5.21
360026,2019-05-01,3.28
360026,2019-06-01,4.82
360026,2019-07-01,6.35
360026,2019-08-01,7.05
360026,2019-09-01,5.58
360026,2019-10-01,5.21
360026,2019-11-01,3.83
360026,2019-12-01,5.58
360026,2020-01-01,6.5
360027,2019-02-01,2.78
360027,2019-03-01,3.4
360027,2019-04-01,2.78
360027,2019-05-01,2.78
360027,2019-06-01,3.28
360027,2019-07-01,3.83
360027,2019-08-01,3.52
360027,2019-09-01,2.41
360027,2019-10-01,3.69
360027,2019-11-01,2.78
360027,2019-12-01,3.7
360027,2020-01-01,3.69
360028,2019-02-01,5.99
360028,2019-03-01,7.04
360028,2019-04-01,7.05
360028,2019-05-01,3.53
360028,2019-06-01,4.51
360028,2019-07-01,4.82
360028,2019-08-01,7.42
360028,2019-09-01,7.05
360028,2019-10-01,5.77
360028,2019-11-01,6.12
360028,2019-12-01,7.45
360028,2020-01-01,6.78
360029,2019-02-01,4.68
360029,2019-03-01,5.62
360029,2019-04-01,4.2
360029,2019-05-01,4.2
360029,2019-06-01,4.2
360029,2019-07-01,4.2
360029,2019-08-01,4.74
360029,2019-09-01,4.2
360029,2019-10-01,4.74
360029,2019-11-01,5.66
360029,2019-12-01,4.74
360029,2020-01-01,5.37
360030,2019-02-01,4.19
360030,2019-03-01,4.46
360030,2019-04-01,3.9
360030,2019-05-01,3.28
360030,2019-06-01,3.28
360030,2019-07-01,4.79
360030,2019-08-01,3.52
360030,2019-09-01,3.66
360030,2019-10-01,4.82
360030,2019-11-01,3.96
360030,2019-12-01,5.08
360030,2020-01-01,4.45
360031,2019-02-01,3.16
360031,2019-03-01,3.28
360031,2019-04-01,3.93
360031,2019-05-01,3.53
360031,2019-06-01,3.9
360031,2019-07-01,3.9
360031,2019-08-01,3.9
360031,2019-09-01,4.08
360031,2019-10-01,4.32
360031,2019-11-01,4.19
360031,2019-12-01,3.03
360031,2020-01-01,4.44
360032,2019-02-01,6.62
360032,2019-03-01,6.25
360032,2019-04-01,4.99
360032,2019-05-01,4.26
360032,2019-06-01,4.38
360032,2019-07-01,5.13
360032,2019-08-01,6.55
360032,2019-09-01,6.24
360032,2019-10-01,5.72
360032,2019-11-01,4.39
360032,2019-12-01,4.44
360032,2020-01-01,2.78
360033,2019-02-01,3.4
360033,2019-03-01,3.9
360033,2019-04-01,2.84
360033,2019-05-01,3.78
360033,2019-06-01,2.84
360033,2019-07-01,3.77
360033,2019-08-01,3.4
360033,2019-09-01,3.75
360033,2019-10-01,2.84
360033,2019-11-01,3.38
360033,2019-12-01,3.77
360033,2020-01-01,3.62
360034,2019-02-01,3.28
360034,2019-03-01,4.68
360034,2019-04-01,4.01
360034,2019-05-01,5.75
360034,2019-06-01,6.29
360034,2019-07-01,5.88
360034,2019-08-01,5.67
360034,2019-09-01,4.88
360034,2019-10-01,5.28
360034,2019-11-01,5.75
360034,2019-12-01,5.67
360034,2020-01-01,4.68
360035,2019-02-01,5.38
360035,2019-03-01,5.21
360035,2019-04-01,5.58
360035,2019-05-01,5.12
360035,2019-06-01,5.28
360035,2019-07-01,2.78
360035,2019-08-01,3.9
360035,2019-09-01,4.58
360035,2019-10-01,5.49
360035,2019-11-01,6.28
360035,2019-12-01,6.41
360035,2020-01-01,6.65
360036,2019-02-01,4.95
360036,2019-03-01,6.13
360036,2019-04-01,3.68
360036,2019-05-01,3.9
360036,2019-06-01,4.02
360036,2019-07-01,4.02
360036,2019-08-01,6.55
360036,2019-09-01,5.62
360036,2019-10-01,6.92
360036,2019-11-01,6.49
360036,2019-12-01,6.13
360036,2020-01-01,5.22
360037,2019-02-01,4.19
360037,2019-03-01,3.83
360037,2019-04-01,3.83
360037,2019-05-01,3.83
360037,2019-06-01,3.83
360037,2019-07-01,3.28
360037,2019-08-01,3.95
360037,2019-09-01,3.95
360037,2019-10-01,3.17
360037,2019-11-01,3.83
360037,2019-12-01,3.42
360037,2020-01-01,3.83
360038,2019-02-01,6.36
360038,2019-03-01,6.18
360038,2019-04-01,5.14
360038,2019-05-01,5.64
360038,2019-06-01,5.22
360038,2019-07-01,7.17
360038,2019-08-01,6.81
360038,2019-09-01,7.04
360038,2019-10-01,7.42
360038,2019-11-01,7.96
360038,2019-12-01,5.14
360038,2020-01-01,5.37
360039,2019-02-01,5.08
360039,2019-03-01,3.59
360039,2019-04-01,2.78
360039,2019-05-01,4.58
360039,2019-06-01,4.58
360039,2019-07-01,4.95
360039,2019-08-01,4.44
360039,2019-09-01,5.11
360039,2019-10-01,4.58
360039,2019-11-01,4.08
360039,2019-12-01,4.73
360039,2020-01-01,4.57
360040,2019-02-01,3.92
360040,2019-03-01,4.74
360040,2019-04-01,4.08
360040,2019-05-01,3.96
360040,2019-06-01,3.57
360040,2019-07-01,3.88
360040,2019-08-01,3.82
360040,2019-09-01,3.5
360040,2019-10-01,3.75
360040,2019-11-01,2.78
360040,2019-12-01,3.57
360040,2020-01-01,1.97
360041,2019-02-01,3.28
360041,2019-03-01,3.4
360041,2019-04-01,3.28
360041,2019-05-01,3.32
360041,2019-06-01,3.94
360041,2019-07-01,3.28
360041,2019-08-01,3.4
360041,2019-09-01,3.28
360041,2019-10-01,3.4
360041,2019-11-01,3.32
360041,2019-12-01,3.28
360041,2020-01-01,2.78
360042,2019-02-01,5.6
360042,2019-03-01,5.23
360042,2019-04-01,5.6
360042,2019-05-01,5.38
360042,2019-06-01,5.38
360042,2019-07-01,5.38
360042,2019-08-01,5.38
360042,2019-09-01,5.88
360042,2019-10-01,5.38
360042,2019-11-01,5.6
360042,2019-12-01,6.49
360042,2020-01-01,5.38
360043,2019-02-01,3.91
360043,2019-03-01,3.91
360043,2019-04-01,4.32
360043,2019-05-01,4.32
360043,2019-06-01,3.96
360043,2019-07-01,2.84
360043,2019-08-01,3.91
360043,2019-09-01,2.98
360043,2019-10-01,4.32
360043,2019-11-01,4.32
360043,2019-12-01,3.4
360043,2020-01-01,4.32
360044,2019-02-01,3.7
360044,2019-03-01,3.33
360044,2019-04-01,3.33
360044,2019-05-01,3.89
360044,2019-06-01,4.08
360044,2019-07-01,3.75
360044,2019-08-01,4.08
360044,2019-09-01,4.74
360044,2019-10-01,3.7
360044,2019-11-01,4.21
360044,2019-12-01,4.26
360044,2020-01-01,4.32
360045,2019-02-01,5.18
360045,2019-03-01,6.12
360045,2019-04-01,4.22
360045,2019-05-01,4.58
360045,2019-06-01,4.58
360045,2019-07-01,4.44
360045,2019-08-01,5.37
360045,2019-09-01,4.44
360045,2019-10-01,5.37
360045,2019-11-01,4.38
360045,2019-12-01,3.88
360045,2020-01-01,3.34
360046,2019-02-01,3.99
360046,2019-03-01,3.99
360046,2019-04-01,3.99
360046,2019-05-01,3.45
360046,2019-06-01,3.28
360046,2019-07-01,3.28
360046,2019-08-01,2.89
360046,2019-09-01,4.05
360046,2019-10-01,2.95
360046,2019-11-01,2.95
360046,2019-12-01,3.09
360046,2020-01-01,3.01
360047,2019-02-01,4.32
360047,2019-03-01,3.66
360047,2019-04-01,3.91
360047,2019-05-01,4.32
360047,2019-06-01,4.32
360047,2019-07-01,4.95
360047,2019-08-01,3.91
360047,2019-09-01,4.29
360047,2019-10-01,3.03
360047,2019-11-01,3.15
360047,2019-12-01,2.48
360047,2020-01-01,3.4
360048,2019-02-01,4.38
360048,2019-03-01,5.12
360048,2019-04-01,3.82
360048,2019-05-01,3.82
360048,2019-06-01,3.82
360048,2019-07-01,3.82
360048,2019-08-01,2.78
360048,2019-09-01,4.57
360048,2019-10-01,4.58
360048,2019-11-01,3.88
360048,2019-12-01,4.98
360048,2020-01-01,4.01
360049,2019-02-01,2.94
360049,2019-03-01,3.58
360049,2019-04-01,2.52
360049,2019-05-01,2.52
360049,2019-06-01,3.28
360049,2019-07-01,3.58
360049,2019-08-01,4.21
360049,2019-09-01,3.7
360049,2019-10-01,4.07
360049,2019-11-01,4.21
360049,2019-12-01,3.83
360049,2020-01-01,3.28
360050,2019-02-01,4.73
360050,2019-03-01,5.6
360050,2019-04-01,4.44
360050,2019-05-01,3.16
360050,2019-06-01,5.16
360050,2019-07-01,4.05
360050,2019-08-01,4.76
360050,2019-09-01,3.57
360050,2019-10-01,3.83
360050,2019-11-01,3.52
360050,2019-12-01,4.57
360050,2020-01-01,4.06
360051,2019-02-01,2.78
360051,2019-03-01,1.95
360051,2019-04-01,2.93
360051,2019-05-01,3.88
360051,2019-06-01,2.39
360051,2019-07-01,2.39
360051,2019-08-01,2.78
360051,2019-09-01,2.52
360051,2019-10-01,2.39
360051,2019-11-01,2.51
360051,2019-12-01,2.51
360051,2020-01-01,2.02
360052,2019-02-01,4.38
360052,2019-03-01,4.83
360052,2019-04-01,4.38
360052,2019-05-01,4.38
360052,2019-06-01,4.58
360052,2019-07-01,4.58
360052,2019-08-01,5.64
360052,2019-09-01,5.38
360052,2019-10-01,6.42
360052,2019-11-01,5.51
360052,2019-12-01,3.82
360052,2020-01-01,3.82
360053,2019-02-01,4.05
360053,2019-03-01,4.55
360053,2019-04-01,6.13
360053,2019-05-01,4.55
360053,2019-06-01,3.93
360053,2019-07-01,4.92
360053,2019-08-01,4.92
360053,2019-09-01,4.92
360053,2019-10-01,4.17
360053,2019-11-01,3.92
360053,2019-12-01,5.87
360053,2020-01-01,5.88
360054,2019-02-01,3.82
360054,2019-03-01,3.28
360054,2019-04-01,3.82
360054,2019-05-01,3.82
360054,2019-06-01,3.83
360054,2019-07-01,4.2
360054,2019-08-01,4.18
360054,2019-09-01,3.68
360054,2019-10-01,3.82
360054,2019-11-01,3.45
360054,2019-12-01,4.74
360054,2020-01-01,4.24
360055,2019-02-01,4.23
360055,2019-03-01,4.58
360055,2019-04-01,4.98
360055,2019-05-01,4.02
360055,2019-06-01,5.24
360055,2019-07-01,4.58
360055,2019-08-01,6.68
360055,2019-09-01,6.68
360055,2019-10-01,5.12
360055,2019-11-01,5.49
360055,2019-12-01,5.68
360055,2020-01-01,3.81
360056,2019-02-01,5.98
360056,2019-03-01,6.46
360056,2019-04-01,5.25
360056,2019-05-01,5.5
360056,2019-06-01,3.28
360056,2019-07-01,3.28
360056,2019-08-01,4.43
360056,2019-09-01,6.72
360056,2019-10-01,4.68
360056,2019-11-01,6.3
360056,2019-12-01,4.01
360056,2020-01-01,5.07
360057,2019-02-01,4.62
360057,2019-03-01,2.41
360057,2019-04-01,2.95
360057,2019-05-01,2.78
360057,2019-06-01,3.28
360057,2019-07-01,3.28
360057,2019-08-01,2.78
360057,2019-09-01,2.66
360057,2019-10-01,2.41
360057,2019-11-01,2.52
360057,2019-12-01,3.32
360057,2020-01-01,3.32
360058,2019-02-01,6.12
360058,2019-03-01,4.99
360058,2019-04-01,4.26
360058,2019-05-01,4.05
360058,2019-06-01,3.89
360058,2019-07-01,2.91
360058,2019-08-01,3.28
360058,2019-09-01,2.72
360058,2019-10-01,3.69
360058,2019-11-01,4.88
360058,2019-12-01,3.83
360058,2020-01-01,4.32
360059,2019-02-01,4.45
360059,2019-03-01,3.33
360059,2019-04-01,3.4
360059,2019-05-01,5.08
360059,2019-06-01,5.49
360059,2019-07-01,4.2
360059,2019-08-01,4.45
360059,2019-09-01,6.49
360059,2019-10-01,4.87
360059,2019-11-01,4.45
360059,2019-12-01,4.25
360059,2020-01-01,4.44
360060,2019-02-01,4.94
360060,2019-03-01,5.18
360060,2019-04-01,3.66
360060,2019-05-01,5.22
360060,2019-06-01,5.42
360060,2019-07-01,4.08
360060,2019-08-01,3.56
360060,2019-09-01,4.27
360060,2019-10-01,2.86
360060,2019-11-01,3.28
360060,2019-12-01,4.83
360060,2020-01-01,4.83
360061,2019-02-01,3.7
360061,2019-03-01,5.36
360061,2019-04-01,5.68
360061,2019-05-01,4.82
360061,2019-06-01,3.9
360061,2019-07-01,5.74
360061,2019-08-01,4.31
360061,2019-09-01,4.86
360061,2019-10-01,5.12
360061,2019-11-01,5.43
360061,2019-12-01,4.71
360061,2020-01-01,3.7
360062,2019-02-01,4.08
360062,2019-03-01,1.47
360062,2019-04-01,3.32
360062,2019-05-01,5.12
360062,2019-06-01,4.2
360062,2019-07-01,4.33
360062,2019-08-01,5.08
360062,2019-09-01,3.96
360062,2019-10-01,4.45
360062,2019-11-01,5.38
360062,2019-12-01,4.95
360062,2020-01-01,5.87
360063,2019-02-01,4.58
360063,2019-03-01,4.59
360063,2019-04-01,4.65
360063,2019-05-01,3.52
360063,2019-06-01,4.59
360063,2019-07-01,3.32
360063,2019-08-01,3.92
360063,2019-09-01,4.14
360063,2019-10-01,4.86
360063,2019-11-01,5.26
360063,2019-12-01,5.28
360063,2020-01-01,5.12
360064,2019-02-01,5.62
360064,2019-03-01,5.99
360064,2019-04-01,4.71
360064,2019-05-01,5.07
360064,2019-06-01,4.32
360064,2019-07-01,5.24
360064,2019-08-01,5.99
360064,2019-09-01,5.99
360064,2019-10-01,4.88
360064,2019-11-01,5.07
360064,2019-12-01,5.07
360064,2020-01-01,5.24
360065,2019-02-01,5.51
360065,2019-03-01,5.51
360065,2019-04-01,3.52
360065,2019-05-01,4.58
360065,2019-06-01,5.51
360065,2019-07-01,4.76
360065,2019-08-01,5.78
360065,2019-09-01,5.01
360065,2019-10-01,5.67
360065,2019-11-01,6.79
360065,2019-12-01,5.88
360065,2020-01-01,5.88
360066,2019-02-01,5.38
360066,2019-03-01,5.38
360066,2019-04-01,3.52
360066,2019-05-01,6.05
360066,2019-06-01,6.29
360066,2019-07-01,6.5
360066,2019-08-01,7.33
360066,2019-09-01,6.5
360066,2019-10-01,6.0
360066,2019-11-01,6.29
360066,2019-12-01,6.29
360066,2020-01-01,6.83
360067,2019-02-01,5.99
360067,2019-03-01,5.99
360067,2019-04-01,2.78
360067,2019-05-01,4.65
360067,2019-06-01,5.99
360067,2019-07-01,5.57
360067,2019-08-01,5.99
360067,2019-09-01,5.78
360067,2019-10-01,6.91
360067,2019-11-01,5.0
360067,2019-12-01,6.12
360067,2020-01-01,5.37
360068,2019-02-01,5.51
360068,2019-03-01,5.51
360068,2019-04-01,4.69
360068,2019-05-01,6.68
360068,2019-06-01,5.14
360068,2019-07-01,5.76
360068,2019-08-01,5.76
360068,2019-09-01,5.12
360068,2019-10-01,5.88
360068,2019-11-01,4.64
360068,2019-12-01,6.05
360068,2020-01-01,5.51
360069,2019-02-01,5.74
360069,2019-03-01,5.74
360069,2019-04-01,6.28
360069,2019-05-01,5.94
360069,2019-06-01,5.32
360069,2019-07-01,6.79
360069,2019-08-01,6.17
360069,2019-09-01,6.17
360069,2019-10-01,6.17
360069,2019-11-01,6.79
360069,2019-12-01,6.71
360069,2020-01-01,5.74
360070,2019-02-01,3.28
360070,2019-03-01,3.28
360070,2019-04-01,3.28
360070,2019-05-01,3.28
360070,2019-06-01,2.91
360070,2019-07-01,3.9
360070,2019-08-01,2.91
360070,2019-09-01,2.72
360070,2019-10-01,3.28
360070,2019-11-01,3.28
360070,2019-12-01,2.92
360070,2020-01-01,3.4
